Region,Business Name,Business Type,Website,Google Maps URL,City,Decision Maker Name,Decision Maker Role,Direct Phone (public),Lead Source,Why This Business Fits Pulzivo
Mississauga,CrossFit Port Credit,Gym,https://crossfitportcredit.com,—,Mississauga,Joanna Quattro,Owner,289-468-1202,Google Maps,Automated booking for high-intensity classes would secure more memberships.
Mississauga,Element CrossFit,Gym,https://elementcrossfit.com,—,Mississauga,—,Owner,905-499-3744,Google Maps,Missed calls during peak training hours result in immediate lost revenue.
Mississauga,Full Metal CrossFit,Gym,https://fullmetalcrossfit.com,—,Mississauga,—,Owner,905-212-1102,Google Maps,Automation would streamline intake for new athlete consultations and trials.
Mississauga,CrossFit Crosscheck,Gym,https://crossfitcrosscheck.com,—,Mississauga,—,Owner,416-473-8723,Google Maps,24/7 AI response would capture inquiries from late-shift workers.
Vaughan,Black Belt World Vaughan,Martial Arts,https://taekwondo.ca,—,Vaughan,Tommy Chang,Founder,905-605-7211,Website,Automated scheduling for introductory trials would reduce front-desk overhead.
Vaughan,Vaughan Martial Arts Academy,Martial Arts,https://vaughanmartialartstkd.com,—,Vaughan,R Sarwary,Co-Owner,647-546-8622,Website,Managing multiple programs manually leads to slow and inconsistent lead follow-up.
Vaughan,Point Blank Martial Arts,Martial Arts,https://pointblank.ca,—,Vaughan,Steve,Owner,416-903-2789,Website,Direct owner contact suggests a high manual admin burden that AI could handle.
Vaughan,Vaughan Jiu-Jitsu Academy,Martial Arts,https://vaughanbjj.com,—,Vaughan,—,Owner,647-828-0185,Website,High demand for BJJ classes requires a robust automated booking flow.
Vaughan,Vaughan Muay Thai,Martial Arts,https://vaughanbjj.com,—,Vaughan,Ray Okura,Chief Instructor,905-764-5999,Website,Instructors on the mats cannot answer calls from prospective students.
North York,Serenev Studio,Yoga,https://serenevstudio.com,—,North York,—,Owner,416-993-2322,Website,Small studio owners benefit from AI handling class waitlists and FAQs.
North York,Hot Yoga Wellness,Yoga,https://hotyogawellness.com,—,North York,—,Owner,905-660-8880,Website,Staff are unavailable to answer phones for hours during hot yoga sessions.
Etobicoke,Xtreme Couture Toronto,MMA/Boxing,https://xtremecouture.ca,—,Etobicoke,—,Owner,416-503-1600,Google Maps,Large inquiry volumes for various classes need centralized automation.
Etobicoke,West End Athletic Club,Boxing,https://westendac.com,—,Etobicoke,—,Owner,416-621-1234,Website,Elite boxing gym requires professional, instant response for high-end clients.
Etobicoke,Fearless Boxing Club,Boxing,https://fearlessboxing.ca,—,Etobicoke,—,Owner,647-571-0322,Directory,Community-focused gym needs AI to handle basic FAQs and class schedules.
Etobicoke,CKO Kickboxing Toronto,Kickboxing,https://ckokickboxing.com,—,Etobicoke,—,Owner,416-855-2256,Google Maps,High demand at a local level requires automated lead nurturing and booking.
Scarborough,Scarborough Pilates Studio,Pilates,—,—,Scarborough,—,Owner,647-299-0067,Directory,Manual booking for private pilates sessions causes unnecessary friction.
Scarborough,Core Elevate,Pilates,https://culturesstudio.com,—,Scarborough,—,Owner,437-313-4128,Website,Boutique pilates studios need AI to manage limited reformer availability.
Toronto,Matrix Fitness,Gym/Training,https://matrixfitness.ca,—,Toronto,—,Owner,416-762-3630,Website,Personal training leads require immediate qualification which AI provides.
Toronto,Fortis Fitness,Gym,https://fortisfitness.ca,—,Toronto,Sean,Owner,416-465-4777,Website,24/7 gym needs 24/7 automated support for membership inquiries.
Toronto,Bang Fitness,Gym/Training,https://bangfitness.com,—,Toronto,Geoff,Owner,416-848-1517,Website,Custom training programs need automated intake forms to save owner time.
